,,,,,,,,,,,,,,,,,,,,,,,,,
,Rk,School,G,W,L,W-L%,SRS,SOS,MP,FG,FGA,FG%,3P,3PA,3P%,FT,FTA,FT%,ORB,TRB,AST,STL,BLK,TOV,PF
,1,Abilene Christian NCAA,34,27,7,0.794,-1.91,-7.34,1370,897,1911,0.469,251,660,0.380,457,642,0.712,325,1110,525,297,93,407,635
,2,Air Force,32,14,18,0.438,-4.28,0.24,1300,802,1776,0.452,234,711,0.329,341,503,0.678,253,1077,434,154,57,423,543
,3,Akron,33,17,16,0.515,4.86,1.09,1325,797,1948,0.409,297,929,0.320,380,539,0.705,312,1204,399,185,106,388,569
,4,Alabama,34,18,16,0.529,9.45,9.01,1365,856,1945,0.440,244,718,0.340,492,739,0.666,384,1285,418,157,160,465,572
,5,Alabama A&M,32,5,27,0.156,-19.23,-8.38,1295,736,1809,0.407,182,578,0.315,284,453,0.627,314,1032,385,234,50,487,587
,6,Alabama State,31,12,19,0.387,-15.60,-7.84,1250,712,1764,0.404,216,673,0.321,446,684,0.652,365,1094,313,203,102,451,565
,7,Albany (NY),32,12,20,0.375,-9.38,-6.70,1300,728,1750,0.416,274,790,0.347,420,564,0.745,294,1081,402,195,78,454,566
,8,Alcorn State,31,10,21,0.323,-22.08,-8.97,1245,709,1721,0.412,211,646,0.327,366,543,0.674,334,1079,391,229,107,492,548
,9,American,30,15,15,0.500,-4.19,-7.23,1220,780,1645,0.474,190,584,0.325,411,589,0.698,251,1014,402,221,131,386,520
,10,Appalachian State,32,11,21,0.344,-3.73,0.10,1290,880,1938,0.454,292,814,0.359,505,706,0.715,310,1127,406,171,90,418,585
,11,Arizona,32,17,15,0.531,8.32,6.32,1290,794,1861,0.427,235,699,0.336,446,620,0.719,324,1115,398,165,73,370,594
,12,Arizona State NCAA,34,23,11,0.676,10.28,6.04,1380,899,2012,0.447,240,714,0.336,600,882,0.680,399,1351,459,213,109,466,675
,13,Arkansas,34,18,16,0.529,11.75,8.78,1370,893,2004,0.446,259,751,0.345,514,769,0.668,345,1152,543,276,172,450,693
,14,Arkansas State,32,13,19,0.406,-7.10,-1.23,1310,796,1904,0.418,237,709,0.334,530,721,0.735,403,1211,363,183,139,448,684
,15,Arkansas-Pine Bluff,32,13,19,0.406,-14.43,-8.18,1300,719,1685,0.427,194,574,0.338,476,702,0.678,317,1063,365,216,109,478,629
,16,Army,32,13,19,0.406,-7.57,-4.73,1280,837,1956,0.428,272,863,0.315,322,471,0.684,259,1125,499,198,50,376,544
,17,Auburn NCAA,40,30,10,0.750,20.84,10.92,1615,1097,2439,0.450,454,1204,0.377,540,760,0.711,457,1369,572,369,190,466,731
,18,Austin Peay,33,22,11,0.667,0.59,-4.41,1335,973,2060,0.472,268,702,0.382,498,705,0.706,397,1215,454,252,110,392,596
,19,Ball State,33,16,17,0.485,3.39,1.21,1340,889,1892,0.470,202,621,0.325,498,709,0.702,308,1243,426,217,118,480,579
,20,Baylor NCAA,34,20,14,0.588,13.38,9.26,1365,869,1966,0.442,274,803,0.341,430,635,0.677,450,1281,473,209,159,446,636
,21,Belmont NCAA,33,27,6,0.818,9.12,-2.60,1330,1042,2094,0.498,343,922,0.372,441,598,0.737,286,1275,645,220,125,376,509
,22,Bethune-Cookman,31,14,17,0.452,-11.98,-9.74,1250,833,1899,0.439,204,635,0.321,420,689,0.610,415,1274,444,234,108,501,610
,23,Binghamton,33,10,23,0.303,-13.92,-4.69,1320,793,1842,0.431,275,788,0.349,291,452,0.644,244,1060,324,183,152,409,474
,24,Boise State,33,13,20,0.394,3.61,1.08,1330,845,1801,0.469,252,715,0.352,422,584,0.723,242,1016,398,200,68,379,570
,25,Boston College,31,14,17,0.452,5.83,7.76,1260,768,1808,0.425,218,687,0.317,442,633,0.698,331,1139,382,159,103,378,509
,26,Boston University,33,15,18,0.455,-6.61,-5.39,1325,922,1922,0.480,221,639,0.346,320,468,0.684,311,1091,447,199,73,425,578
,27,Bowling Green State,34,22,12,0.647,4.24,0.86,1370,945,2134,0.443,272,762,0.357,506,755,0.670,408,1396,427,227,90,412,596
,28,Bradley NCAA,35,20,15,0.571,-0.08,-0.90,1405,812,1874,0.433,240,653,0.368,465,672,0.692,313,1195,423,186,132,440,617
,29,Brigham Young,32,19,13,0.594,6.15,3.31,1295,878,1878,0.468,226,684,0.330,545,750,0.727,263,1118,482,203,107,354,625
,30,Brown,32,20,12,0.625,-0.62,-3.29,1290,805,1818,0.443,255,745,0.342,490,685,0.715,261,1157,418,241,123,458,600
,31,Bryant,30,10,20,0.333,-15.19,-7.66,1200,709,1680,0.422,230,708,0.325,440,618,0.712,285,969,319,158,79,383,575
,32,Bucknell,33,21,12,0.636,0.59,-2.93,1325,867,1928,0.450,311,885,0.351,489,653,0.749,286,1154,519,173,116,409,627
,33,Buffalo NCAA,36,32,4,0.889,15.56,2.62,1445,1083,2344,0.462,344,1022,0.337,527,767,0.687,452,1470,599,263,140,433,659
,34,Butler,33,16,17,0.485,9.22,8.10,1330,861,1934,0.445,292,827,0.353,360,488,0.738,288,1058,434,193,62,359,593
,35,Cal Poly,29,6,23,0.207,-13.95,-3.54,1185,706,1715,0.412,225,687,0.328,293,452,0.648,284,975,301,147,99,334,544
,36,Cal State Bakersfield,34,18,16,0.529,-5.12,-2.63,1375,887,2092,0.424,221,683,0.324,417,620,0.673,486,1272,379,218,105,439,747
,37,Cal State Fullerton,34,16,18,0.471,-3.29,-1.14,1385,868,1911,0.454,187,589,0.317,514,726,0.708,277,1224,407,200,118,450,639
,38,Cal State Northridge,34,13,21,0.382,-6.54,-3.39,1375,968,2103,0.460,234,648,0.361,431,676,0.638,352,1214,512,225,154,410,641
,39,California,31,8,23,0.258,-3.16,5.42,1245,739,1735,0.426,207,592,0.350,436,603,0.723,249,900,338,227,99,352,574
,40,California Baptist,31,16,15,0.516,-3.89,-4.12,1260,831,1859,0.447,287,800,0.359,454,576,0.788,306,1171,345,148,85,379,623
,41,Campbell,33,20,13,0.606,-3.62,-4.39,1325,867,1906,0.455,313,912,0.343,448,590,0.759,266,1050,482,218,104,337,522
,42,Canisius,32,15,17,0.469,-8.79,-4.85,1295,798,1834,0.435,256,791,0.324,398,575,0.692,300,1026,466,204,108,412,627
,43,Central Arkansas,33,14,19,0.424,-11.37,-4.81,1330,810,1903,0.426,276,784,0.352,487,667,0.730,299,1164,463,202,120,478,611
,44,Central Connecticut State,31,11,20,0.355,-14.02,-6.71,1260,754,1821,0.414,201,612,0.328,496,634,0.782,332,1107,353,172,110,427,597
,45,Central Florida NCAA,33,24,9,0.727,13.37,5.58,1325,819,1763,0.465,229,628,0.365,518,798,0.649,315,1215,439,189,150,393,554
,46,Central Michigan,35,23,12,0.657,2.79,-0.34,1425,991,2177,0.455,305,822,0.371,609,908,0.671,419,1321,467,267,107,425,593
,47,Charleston Southern,34,18,16,0.529,-2.43,-4.19,1370,926,2156,0.429,324,945,0.343,398,588,0.677,407,1277,487,263,110,441,571
,48,Charlotte,29,8,21,0.276,-8.34,-0.89,1160,598,1442,0.415,191,615,0.311,389,524,0.742,199,892,288,138,101,418,490
,49,Chattanooga,32,12,20,0.375,-7.87,-0.76,1285,833,1881,0.443,290,795,0.365,312,457,0.683,278,1095,418,139,79,409,553
,50,Chicago State,32,3,29,0.094,-24.83,0.67,1280,718,1752,0.410,141,471,0.299,393,581,0.676,252,995,376,193,72,512,625
,51,Cincinnati NCAA,35,28,7,0.800,14.53,5.50,1410,872,2018,0.432,232,673,0.345,534,758,0.704,442,1264,466,214,155,365,563
,52,Clemson,34,20,14,0.588,13.85,8.99,1360,833,1857,0.449,217,661,0.328,456,623,0.732,309,1204,410,223,154,450,552
,53,Cleveland State,31,10,21,0.323,-7.96,-1.52,1250,799,1834,0.436,303,820,0.370,399,585,0.682,303,1093,460,174,97,412,551
,54,Coastal Carolina,34,17,17,0.500,-0.50,-1.94,1370,899,1986,0.453,284,766,0.371,559,778,0.719,376,1256,451,214,78,472,691
,55,Colgate NCAA,35,24,11,0.686,1.23,-3.83,1415,955,1995,0.479,320,815,0.393,418,563,0.742,322,1240,541,213,121,456,547
,56,College of Charleston,33,24,9,0.727,2.36,-2.95,1330,878,1818,0.483,227,667,0.340,470,615,0.764,260,1060,387,216,76,347,486
,57,Colorado,36,23,13,0.639,9.68,3.60,1445,924,2036,0.454,230,711,0.323,570,757,0.753,363,1352,478,181,107,479,616
,58,Colorado State,32,12,20,0.375,-0.11,1.41,1285,866,1818,0.476,259,722,0.359,402,579,0.694,256,1080,472,199,76,372,522
,59,Columbia,28,10,18,0.357,-5.18,-2.14,1160,778,1720,0.452,237,655,0.362,266,377,0.706,255,985,443,218,78,366,539
,60,Connecticut,33,16,17,0.485,6.81,4.32,1325,874,1959,0.446,252,732,0.344,436,641,0.680,380,1167,422,200,145,427,643
,61,Coppin State,33,8,25,0.242,-18.90,-7.11,1330,710,1827,0.389,240,841,0.285,458,689,0.665,314,1218,326,169,115,555,620
,62,Cornell,31,15,16,0.484,-6.12,-2.02,1260,754,1705,0.442,243,731,0.332,398,551,0.722,191,1015,453,181,107,414,492
,63,Creighton,35,20,15,0.571,12.00,8.59,1420,980,2044,0.479,372,961,0.387,395,582,0.679,288,1196,561,237,92,464,580
,64,Dartmouth,30,11,19,0.367,-5.75,-3.00,1210,791,1750,0.452,264,721,0.366,314,436,0.720,246,1020,426,158,100,361,468
,65,Davidson,34,24,10,0.706,6.38,1.96,1365,852,1893,0.450,312,882,0.354,393,525,0.749,264,1185,499,175,82,378,539
,66,Dayton,33,21,12,0.636,9.67,2.91,1335,902,1789,0.504,205,617,0.332,397,575,0.690,261,1145,541,164,81,414,463
,67,Delaware,33,17,16,0.515,-7.91,-4.82,1360,830,1808,0.459,282,746,0.378,410,564,0.727,254,1083,425,149,78,378,523
,68,Delaware State,31,6,25,0.194,-26.82,-10.13,1240,695,1963,0.354,234,789,0.297,332,489,0.679,378,1144,333,214,66,435,589
,69,Denver,30,8,22,0.267,-11.84,-2.97,1205,755,1723,0.438,227,622,0.365,349,460,0.759,275,1041,354,142,78,408,506
,70,DePaul,36,19,17,0.528,6.00,4.05,1450,1009,2143,0.471,241,703,0.343,562,773,0.727,396,1347,513,227,117,488,630
,71,Detroit Mercy,31,11,20,0.355,-6.33,-0.36,1240,784,1874,0.418,294,825,0.356,417,581,0.718,336,1019,319,238,77,355,528
,72,Drake,34,24,10,0.706,2.52,-0.66,1385,908,1943,0.467,279,773,0.361,468,618,0.757,279,1214,518,180,130,449,568
,73,Drexel,32,13,19,0.406,-7.02,-2.93,1280,874,1900,0.460,237,669,0.354,440,584,0.753,312,1126,464,144,62,377,542
,74,Duke NCAA,38,32,6,0.842,26.90,11.98,1525,1157,2418,0.478,278,903,0.308,551,803,0.686,495,1567,606,346,257,488,595
,75,Duquesne,32,19,13,0.594,0.53,-0.63,1295,810,1894,0.428,271,841,0.322,460,663,0.694,379,1133,442,250,151,451,580
,76,East Carolina,31,10,21,0.323,-5.49,1.31,1255,749,1791,0.418,155,545,0.284,435,638,0.682,317,1061,382,224,110,416,622
,77,East Tennessee State,34,24,10,0.706,5.21,-1.79,1375,1004,2067,0.486,274,758,0.361,425,634,0.670,442,1351,534,252,135,483,603
,78,Eastern Illinois,32,14,18,0.438,-11.81,-5.01,1310,826,1912,0.432,272,735,0.370,375,545,0.688,347,1147,434,200,120,427,569
,79,Eastern Kentucky,31,13,18,0.419,-7.40,-2.47,1265,902,2125,0.424,272,832,0.327,486,683,0.712,362,1167,458,317,101,447,661
,80,Eastern Michigan,32,15,17,0.469,0.40,4.43,1295,818,1823,0.449,187,634,0.295,380,604,0.629,400,1155,369,237,143,442,529
,81,Eastern Washington,34,16,18,0.471,-6.77,-4.17,1380,876,2040,0.429,310,886,0.350,398,546,0.729,299,1192,467,200,101,401,632
,82,Elon,32,11,21,0.344,-11.53,-3.56,1290,812,1862,0.436,335,943,0.355,307,443,0.693,265,1082,468,135,62,413,539
,83,Evansville,32,11,21,0.344,-3.84,0.13,1295,747,1776,0.421,264,776,0.340,476,660,0.721,215,1095,394,185,89,416,602
,84,Fairfield,31,9,22,0.290,-10.20,-7.14,1240,761,1755,0.434,259,740,0.350,291,420,0.693,273,968,401,202,63,436,612
,85,Fairleigh Dickinson NCAA,35,21,14,0.600,-6.09,-7.24,1420,921,1939,0.475,269,672,0.400,509,702,0.725,323,1155,486,261,132,477,578
,86,Florida NCAA,36,20,16,0.556,15.42,11.22,1455,857,2015,0.425,291,872,0.334,435,603,0.721,375,1201,437,257,131,420,614
,87,Florida A&M,31,12,19,0.387,-13.57,-8.09,1245,719,1640,0.438,180,489,0.368,309,503,0.614,288,991,355,226,111,499,580
,88,Florida Atlantic,33,17,16,0.515,-1.42,-1.76,1335,809,1971,0.410,290,895,0.324,414,551,0.751,366,1296,419,184,93,485,575
,89,Florida Gulf Coast,32,14,18,0.438,-5.11,-1.48,1280,809,1787,0.453,269,724,0.372,393,588,0.668,272,1064,449,219,133,479,514
,90,Florida International,34,20,14,0.588,-4.55,-1.45,1360,986,2239,0.440,279,923,0.302,547,855,0.640,367,1217,491,359,153,477,655
,91,Florida State NCAA,37,29,8,0.784,17.99,10.26,1500,960,2171,0.442,272,819,0.332,579,778,0.744,418,1391,475,266,161,492,705
,92,Fordham,32,12,20,0.375,-5.02,-2.40,1295,759,1890,0.402,276,831,0.332,314,462,0.680,305,1082,360,188,108,345,559
,93,Fresno State,32,23,9,0.719,8.99,0.67,1285,847,1866,0.454,342,897,0.381,412,572,0.720,300,1137,457,228,111,400,592
,94,Furman,33,25,8,0.758,7.46,-1.50,1340,930,1962,0.474,338,935,0.361,364,508,0.717,326,1171,524,288,137,407,481
,95,Gardner-Webb NCAA,35,23,12,0.657,-2.61,-4.43,1430,955,1962,0.487,281,719,0.391,527,741,0.711,271,1190,502,238,101,407,561
,96,George Mason,33,18,15,0.545,0.84,0.08,1330,825,1855,0.445,210,637,0.330,454,634,0.716,323,1166,399,204,97,428,563
,97,George Washington,33,9,24,0.273,-6.65,1.20,1340,745,1842,0.404,196,631,0.311,411,600,0.685,274,1116,375,170,96,413,526
,98,Georgetown,33,19,14,0.576,6.80,5.31,1355,894,2017,0.443,269,757,0.355,568,771,0.737,350,1299,542,198,131,443,581
,99,Georgia,32,11,21,0.344,5.31,8.12,1280,776,1761,0.441,210,653,0.322,512,726,0.705,357,1215,423,185,163,506,565
,100,Georgia Southern,33,21,12,0.636,3.75,0.13,1330,1012,2028,0.499,204,632,0.323,498,720,0.692,320,1190,403,255,132,451,590
,101,Georgia State NCAA,34,24,10,0.706,2.44,0.65,1360,903,1968,0.459,330,859,0.384,462,694,0.666,273,1110,415,269,158,391,583
,102,Georgia Tech,32,14,18,0.438,6.93,8.15,1285,755,1714,0.440,176,573,0.307,405,588,0.689,262,1074,433,221,166,459,560
,103,Gonzaga NCAA,37,33,4,0.892,27.79,5.01,1480,1177,2239,0.526,287,790,0.363,602,791,0.761,354,1443,668,278,204,394,603
,104,Grambling,34,17,17,0.500,-9.73,-9.34,1370,834,1846,0.452,223,553,0.403,535,781,0.685,307,1287,420,193,147,536,699
,105,Grand Canyon,34,20,14,0.588,3.85,-1.49,1370,907,2006,0.452,257,777,0.331,487,666,0.731,350,1238,478,207,75,411,598
,106,Green Bay,38,21,17,0.553,-2.24,-0.36,1535,1106,2413,0.458,303,879,0.345,575,818,0.703,376,1406,578,291,154,500,730
,107,Hampton,35,18,17,0.514,-3.34,-5.06,1430,966,2236,0.432,291,844,0.345,622,790,0.787,363,1370,487,215,121,379,649
,108,Hartford,33,18,15,0.545,-3.95,-4.89,1345,848,1862,0.455,322,846,0.381,459,619,0.742,278,1050,462,228,69,401,556
,109,Harvard,31,19,12,0.613,1.86,0.66,1265,787,1711,0.460,260,722,0.360,388,538,0.721,288,1119,369,174,123,491,554
,110,Hawaii,31,18,13,0.581,-1.30,-3.61,1250,788,1746,0.451,266,751,0.354,399,576,0.693,278,1054,478,156,66,368,556
,111,High Point,31,16,15,0.516,-5.63,-4.39,1255,763,1719,0.444,180,583,0.309,409,605,0.676,363,1183,404,170,91,406,502
,112,Hofstra,35,27,8,0.771,4.68,-4.53,1440,998,2055,0.486,308,800,0.385,615,767,0.802,305,1170,492,228,122,342,526
,113,Holy Cross,33,16,17,0.485,-6.43,-4.01,1335,848,1834,0.462,237,670,0.354,283,424,0.667,220,916,513,241,127,350,482
,114,Houston NCAA,37,33,4,0.892,18.91,4.61,1480,982,2203,0.446,333,939,0.355,490,697,0.703,448,1502,548,240,161,410,705
,115,Houston Christian,30,12,18,0.400,-9.36,-5.53,1225,865,1896,0.456,200,588,0.340,535,793,0.675,409,1142,449,234,54,442,593
,116,Howard,34,17,17,0.500,-12.30,-9.52,1370,937,2163,0.433,244,669,0.365,566,780,0.726,396,1253,463,198,144,427,652
,117,Idaho,32,5,27,0.156,-18.74,-6.19,1285,778,1764,0.441,251,678,0.370,367,507,0.724,258,1061,399,130,53,433,582
,118,Idaho State,30,11,19,0.367,-13.17,-4.81,1200,779,1742,0.447,274,752,0.364,366,498,0.735,275,975,383,154,88,360,497
,119,Illinois,33,12,21,0.364,8.95,11.53,1335,862,2001,0.431,259,751,0.345,415,591,0.702,351,1091,446,245,86,435,700
,120,Illinois State,33,17,16,0.515,-2.06,0.25,1330,813,1887,0.431,244,734,0.332,387,540,0.717,298,1139,421,162,106,417,577
,121,Illinois-Chicago,32,16,16,0.500,-3.15,-1.99,1295,865,1883,0.459,303,856,0.354,358,525,0.682,271,1106,478,210,124,457,684
,122,Incarnate Word,31,6,25,0.194,-18.93,-5.11,1255,711,1527,0.466,174,508,0.343,448,553,0.810,204,845,354,184,53,504,592
,123,Indiana,35,19,16,0.543,13.82,10.10,1420,919,2009,0.457,211,676,0.312,455,695,0.655,341,1272,469,226,154,433,596
,124,Indiana State,31,15,16,0.484,-2.72,0.62,1250,757,1719,0.440,178,491,0.363,454,621,0.731,250,1007,342,207,73,402,586
,125,Iona NCAA,33,17,16,0.515,-4.78,-5.50,1320,857,1897,0.452,297,845,0.351,521,699,0.745,283,1152,432,223,90,406,564
,126,Iowa NCAA,35,23,12,0.657,14.27,9.84,1415,914,2006,0.456,285,782,0.364,627,849,0.739,357,1246,542,211,112,427,565
,127,Iowa State NCAA,35,23,12,0.657,18.07,9.30,1400,974,2047,0.476,294,811,0.363,450,615,0.732,327,1230,527,247,160,379,517
,128,IUPUI,33,16,17,0.485,-2.72,-3.04,1320,891,1969,0.453,234,695,0.337,491,699,0.702,403,1233,471,228,103,462,578
,129,Jackson State,32,13,19,0.406,-14.60,-9.33,1285,717,1774,0.404,155,554,0.280,385,607,0.634,331,1125,359,209,124,436,643
,130,Jacksonville,32,12,20,0.375,-8.27,-4.74,1285,889,1953,0.455,213,645,0.330,394,582,0.677,330,1163,457,213,166,463,523
,131,Jacksonville State,33,24,9,0.727,1.59,-5.47,1345,953,2063,0.462,200,634,0.315,468,630,0.743,400,1310,451,245,138,440,553
,132,James Madison,33,14,19,0.424,-8.52,-4.07,1350,821,1859,0.442,243,670,0.363,437,607,0.720,345,1123,403,211,101,420,612
,133,Kansas NCAA,36,26,10,0.722,18.35,12.79,1455,989,2128,0.465,260,743,0.350,487,691,0.705,374,1376,478,243,139,472,610
,134,Kansas City,32,11,21,0.344,-6.61,-1.55,1290,774,1794,0.431,259,728,0.356,413,590,0.700,261,966,351,233,90,391,647
,135,Kansas State NCAA,34,25,9,0.735,15.39,9.18,1360,806,1878,0.429,241,721,0.334,383,574,0.667,325,1137,464,256,76,385,550
,136,Kennesaw State,32,6,26,0.188,-16.17,-1.04,1285,742,1945,0.381,136,438,0.311,410,590,0.695,372,1163,362,185,106,437,525
,137,Kent State,33,22,11,0.667,1.26,0.61,1330,878,2032,0.432,261,775,0.337,464,641,0.724,412,1185,430,226,119,378,601
,138,Kentucky NCAA,37,30,7,0.811,21.43,10.29,1490,978,2050,0.477,215,607,0.354,635,859,0.739,427,1428,501,220,176,466,600
,139,La Salle,31,10,21,0.323,-3.61,1.29,1240,719,1798,0.400,259,783,0.331,394,512,0.770,328,1060,391,230,98,435,630
,140,Lafayette,30,10,20,0.333,-11.17,-4.93,1220,802,1786,0.449,280,736,0.380,325,437,0.744,233,1004,419,158,126,402,515
,141,Lamar,33,20,13,0.606,-5.94,-7.22,1340,902,1976,0.456,228,664,0.343,565,823,0.687,446,1282,481,283,97,473,622
,142,Lehigh,31,20,11,0.645,-2.34,-4.46,1250,856,1775,0.482,287,679,0.423,480,620,0.774,232,1105,471,171,71,418,571
,143,Liberty NCAA,36,29,7,0.806,5.27,-3.88,1440,963,1977,0.487,322,873,0.369,406,524,0.775,270,1174,532,223,96,395,543
,144,Lipscomb,37,29,8,0.784,9.21,-1.20,1480,1071,2230,0.480,327,876,0.373,607,801,0.758,329,1378,654,268,108,489,633
,145,Little Rock,31,10,21,0.323,-4.87,-2.07,1250,817,1687,0.484,206,582,0.354,461,703,0.656,244,1060,443,169,87,503,622
,146,Long Beach State,34,15,19,0.441,-4.57,-0.44,1375,877,2031,0.432,217,630,0.344,574,831,0.691,377,1263,399,219,105,479,620
,147,Long Island University,32,16,16,0.500,-8.99,-9.08,1285,822,1880,0.437,277,813,0.341,452,643,0.703,321,1196,430,218,157,471,610
,148,Longwood,34,16,18,0.471,-8.43,-6.62,1375,803,1875,0.428,333,939,0.355,468,639,0.732,284,1194,401,210,71,477,624
,149,Louisiana,32,19,13,0.594,-2.07,-1.51,1290,901,2026,0.445,283,821,0.345,527,710,0.742,364,1142,487,226,125,423,612
,150,Louisiana State NCAA,35,28,7,0.800,16.50,9.16,1435,988,2162,0.457,236,740,0.319,603,802,0.752,460,1355,452,308,148,452,634
,151,Louisiana Tech,33,20,13,0.606,0.95,-2.31,1335,840,1928,0.436,253,756,0.335,453,690,0.657,368,1204,440,190,115,386,535
,152,Louisiana-Monroe,35,19,16,0.543,0.81,-1.96,1425,922,2029,0.454,353,891,0.396,576,737,0.782,317,1176,498,206,78,398,545
,153,Louisville NCAA,34,20,14,0.588,17.28,11.04,1380,854,1967,0.434,294,860,0.342,534,687,0.777,345,1297,458,149,99,412,591
,154,Loyola (IL),34,20,14,0.588,3.99,-0.16,1360,831,1687,0.493,206,563,0.366,363,545,0.666,190,1013,468,220,78,407,471
,155,Loyola (MD),32,11,21,0.344,-9.13,-4.60,1295,842,1836,0.459,210,616,0.341,438,617,0.710,292,997,448,278,73,444,573
,156,Loyola Marymount,34,22,12,0.647,2.93,0.90,1360,817,1800,0.454,163,510,0.320,481,645,0.746,314,1098,460,250,102,425,602
,157,Maine,32,5,27,0.156,-15.11,-4.21,1310,747,1728,0.432,201,647,0.311,293,452,0.648,280,1015,471,239,94,460,566
,158,Manhattan,32,11,21,0.344,-12.89,-7.32,1285,651,1608,0.405,219,661,0.331,312,534,0.584,326,1026,360,221,78,487,672
,159,Marist,31,12,19,0.387,-9.49,-7.53,1250,739,1647,0.449,245,675,0.363,363,530,0.685,241,967,377,172,53,387,583
,160,Marquette NCAA,34,24,10,0.706,14.78,6.96,1375,893,1969,0.454,319,822,0.388,524,692,0.757,331,1292,456,168,145,467,635
,161,Marshall,37,23,14,0.622,-0.64,-0.61,1495,1047,2367,0.442,362,1058,0.342,522,723,0.722,319,1260,527,334,170,453,664
,162,Maryland NCAA,34,23,11,0.676,16.01,10.09,1360,858,1909,0.449,247,707,0.349,466,627,0.743,378,1336,447,148,163,437,526
,163,Maryland-Baltimore County,34,21,13,0.618,-5.85,-5.85,1400,820,1893,0.433,261,807,0.323,395,573,0.689,296,1145,453,268,83,428,578
,164,Maryland-Eastern Shore,32,7,25,0.219,-24.21,-7.91,1285,666,1705,0.391,172,610,0.282,329,489,0.673,264,989,361,186,70,431,575
,165,Massachusetts,32,11,21,0.344,-3.02,-0.18,1290,808,1831,0.441,256,732,0.350,391,574,0.681,342,1123,468,154,93,445,643
,166,Massachusetts-Lowell,32,15,17,0.469,-8.28,-6.95,1290,875,1852,0.472,246,721,0.341,460,639,0.720,293,1115,500,181,85,447,589
,167,McNeese State,31,9,22,0.290,-14.41,-6.15,1245,760,1676,0.453,168,548,0.307,461,647,0.713,310,1054,429,147,97,450,467
,168,Memphis,36,22,14,0.611,10.70,5.09,1450,1013,2238,0.453,260,807,0.322,596,835,0.714,436,1358,553,288,144,538,739
,169,Mercer,31,11,20,0.355,-2.86,-0.24,1245,787,1746,0.451,228,663,0.344,446,648,0.688,307,1057,393,207,80,407,557
,170,Miami (FL),32,14,18,0.438,9.39,8.70,1285,805,1851,0.435,268,805,0.333,419,570,0.735,291,1061,413,212,100,372,465
,171,Miami (OH),32,15,17,0.469,0.77,2.31,1285,777,1847,0.421,269,832,0.323,444,626,0.709,353,1190,349,194,87,413,581
,172,Michigan NCAA,37,30,7,0.811,21.82,10.55,1480,941,2102,0.448,287,839,0.342,406,579,0.701,299,1307,512,225,149,334,514
,173,Michigan State NCAA,39,32,7,0.821,24.93,12.34,1570,1071,2230,0.480,319,844,0.378,564,749,0.753,414,1579,715,201,205,493,647
,174,Middle Tennessee,32,11,21,0.344,-6.09,1.44,1280,778,1858,0.419,212,650,0.326,373,551,0.677,382,1228,352,190,85,512,583
,175,Milwaukee,31,9,22,0.290,-8.90,-2.50,1245,765,1820,0.420,237,692,0.342,379,508,0.746,288,1094,356,145,94,382,579
,176,Minnesota NCAA,36,22,14,0.611,12.52,11.27,1445,887,2039,0.435,191,603,0.317,578,848,0.682,402,1314,523,175,140,418,578
,177,Mississippi NCAA,33,20,13,0.606,12.32,8.13,1325,876,1906,0.460,272,760,0.358,461,589,0.783,322,1128,475,235,118,416,603
,178,Mississippi State NCAA,34,23,11,0.676,15.96,9.07,1370,936,1982,0.472,292,774,0.377,464,647,0.717,393,1215,481,274,172,451,586
,179,Mississippi Valley State,32,6,26,0.188,-22.47,-6.99,1285,730,1923,0.380,172,554,0.310,426,647,0.658,378,1165,361,176,70,415,570
,180,Missouri,32,15,17,0.469,8.60,9.16,1290,758,1764,0.430,264,727,0.363,370,526,0.703,345,1130,354,149,53,448,625
,181,Missouri State,32,16,16,0.500,-1.20,-1.03,1285,774,1714,0.452,224,649,0.345,434,627,0.692,270,1000,354,221,127,385,540
,182,Monmouth,35,14,21,0.400,-10.66,-4.83,1420,794,1915,0.415,168,565,0.297,530,773,0.686,360,1224,379,237,101,502,698
,183,Montana NCAA,35,26,9,0.743,1.50,-5.05,1405,975,1983,0.492,287,763,0.376,428,621,0.689,293,1176,510,229,106,416,655
,184,Montana State,32,15,17,0.469,-7.91,-5.81,1280,858,1882,0.456,306,818,0.374,480,651,0.737,292,1083,491,169,46,394,567
,185,Morehead State,33,13,20,0.394,-7.73,-1.76,1335,855,1993,0.429,260,762,0.341,461,654,0.705,357,1177,440,186,137,402,561
,186,Morgan State,30,9,21,0.300,-15.98,-10.70,1210,758,1920,0.395,168,521,0.322,477,669,0.713,397,1078,362,230,48,401,614
,187,Mount St. Mary's,31,9,22,0.290,-14.57,-6.02,1240,733,1755,0.418,223,723,0.308,403,594,0.678,293,1036,354,146,107,410,576
,188,Murray State NCAA,33,28,5,0.848,8.96,-3.11,1320,988,2007,0.492,258,731,0.353,493,673,0.733,351,1247,591,249,149,401,527
,189,Navy,31,12,19,0.387,-10.09,-4.00,1240,732,1785,0.410,208,656,0.317,389,544,0.715,359,1160,399,167,58,437,534
,190,NC State,36,24,12,0.667,14.94,6.22,1450,1061,2319,0.458,292,830,0.352,468,661,0.708,486,1390,539,257,138,449,691
,191,Nebraska,36,19,17,0.528,14.85,11.31,1445,916,2133,0.429,270,800,0.338,484,694,0.697,379,1278,466,260,151,345,580
,192,Nevada NCAA,34,29,5,0.853,16.00,2.68,1360,924,1999,0.462,297,855,0.347,578,816,0.708,325,1274,498,211,134,352,584
,193,Nevada-Las Vegas,31,17,14,0.548,1.58,0.48,1250,791,1852,0.427,251,745,0.337,443,647,0.685,408,1204,401,184,115,401,556
,194,New Hampshire,29,5,24,0.172,-18.66,-6.03,1160,623,1656,0.376,261,787,0.332,235,385,0.610,260,986,325,116,53,356,533
,195,New Mexico,32,14,18,0.438,-0.55,1.61,1280,814,1927,0.422,292,844,0.346,523,745,0.702,351,1199,446,220,107,455,627
,196,New Mexico State NCAA,35,30,5,0.857,10.05,-2.38,1405,962,2092,0.460,326,977,0.334,484,714,0.678,445,1343,514,197,91,419,632
,197,New Orleans,33,19,14,0.576,-8.88,-6.47,1345,862,1941,0.444,189,566,0.334,471,681,0.692,393,1166,497,285,134,517,631
,198,Niagara,32,13,19,0.406,-11.33,-7.77,1285,795,1887,0.421,265,738,0.359,463,629,0.736,315,1143,343,128,127,390,511
,199,Nicholls State,31,14,17,0.452,-11.87,-6.98,1250,807,1914,0.422,324,883,0.367,322,418,0.770,280,1041,428,208,128,386,587
,200,NJIT,35,22,13,0.629,-3.63,-4.74,1410,849,1913,0.444,246,713,0.345,528,732,0.721,250,1178,376,223,94,421,582
,201,Norfolk State,36,22,14,0.611,-8.04,-8.74,1460,900,2079,0.433,282,770,0.366,570,803,0.710,366,1318,457,219,154,523,763
,202,North Alabama,32,10,22,0.313,-11.00,-1.69,1285,744,1914,0.389,240,805,0.298,417,619,0.674,351,1170,334,209,74,435,614
,203,North Carolina NCAA,36,29,7,0.806,23.94,11.35,1445,1118,2410,0.464,312,862,0.362,541,728,0.743,477,1589,678,252,120,473,611
,204,North Carolina A&T,32,19,13,0.594,-11.24,-9.88,1290,825,1797,0.459,227,649,0.350,364,548,0.664,291,1059,452,215,108,417,514
,205,North Carolina Central NCAA,34,18,16,0.529,-11.53,-11.24,1365,874,1922,0.455,221,693,0.319,460,641,0.718,399,1265,526,207,93,515,610
,206,North Dakota,30,12,18,0.400,-8.78,-3.55,1200,822,1771,0.464,241,647,0.372,335,482,0.695,233,1009,398,171,87,380,485
,207,North Dakota State NCAA,35,19,16,0.543,-4.01,-2.07,1410,874,1926,0.454,332,910,0.365,476,613,0.777,229,1105,402,160,87,368,523
,208,North Florida,33,16,17,0.485,-3.47,-0.70,1325,902,2014,0.448,308,897,0.343,373,539,0.692,363,1252,520,212,165,536,573
,209,North Texas,33,21,12,0.636,-0.25,-3.48,1325,831,1910,0.435,284,838,0.339,356,532,0.669,368,1244,428,210,88,443,589
,210,Northeastern NCAA,34,23,11,0.676,3.95,-0.70,1385,880,1848,0.476,328,858,0.382,476,634,0.751,237,1075,480,211,74,381,539
,211,Northern Arizona,31,10,21,0.323,-10.75,-6.23,1250,785,1819,0.432,259,749,0.346,433,614,0.705,290,1055,381,196,65,372,537
,212,Northern Colorado,32,21,11,0.656,-3.92,-6.76,1295,849,1837,0.462,307,849,0.362,445,633,0.703,309,1128,422,176,101,398,538
,213,Northern Illinois,34,17,17,0.500,2.58,1.11,1375,940,1995,0.471,229,642,0.357,397,543,0.731,304,1179,374,188,75,404,653
,214,Northern Iowa,34,16,18,0.471,-1.54,0.62,1360,769,1847,0.416,276,792,0.348,401,537,0.747,262,1115,370,165,75,393,554
,215,Northern Kentucky NCAA,35,26,9,0.743,4.67,-2.39,1410,979,2047,0.478,306,844,0.363,483,725,0.666,364,1298,592,218,139,441,664
,216,Northwestern,32,13,19,0.406,9.97,9.16,1290,735,1827,0.402,233,744,0.313,405,551,0.735,278,1086,451,176,134,349,583
,217,Northwestern State,31,11,20,0.355,-17.06,-5.99,1250,725,1790,0.405,190,646,0.294,411,604,0.680,352,1103,340,192,138,496,578
,218,Notre Dame,33,14,19,0.424,7.97,8.28,1320,776,1973,0.393,272,863,0.315,442,594,0.744,370,1208,423,179,148,306,455
,219,Oakland,33,16,17,0.485,-2.27,-1.48,1325,864,1859,0.465,314,816,0.385,492,663,0.742,275,1063,580,191,99,426,534
,220,Ohio,31,14,17,0.452,-1.84,3.16,1255,803,1838,0.437,187,633,0.295,381,602,0.633,332,1152,451,200,115,448,504
,221,Ohio State NCAA,35,20,15,0.571,13.89,11.00,1405,839,1931,0.434,264,774,0.341,477,650,0.734,328,1215,494,206,85,438,623
,222,Oklahoma NCAA,34,20,14,0.588,15.30,12.21,1365,883,1975,0.447,226,654,0.346,431,618,0.697,305,1263,430,203,102,401,527
,223,Oklahoma State,32,12,20,0.375,8.09,11.53,1285,760,1796,0.423,280,753,0.372,378,549,0.689,295,1093,422,183,139,386,516
,224,Old Dominion NCAA,35,26,9,0.743,3.74,-1.18,1400,823,2026,0.406,264,756,0.349,388,585,0.663,418,1365,439,197,160,408,580
,225,Omaha,32,21,11,0.656,-2.32,-3.39,1290,950,1998,0.475,282,719,0.392,341,473,0.721,273,1047,409,180,61,304,486
,226,Oral Roberts,32,11,21,0.344,-9.34,-1.91,1285,854,1874,0.456,266,734,0.362,340,492,0.691,335,1147,434,152,107,447,575
,227,Oregon NCAA,38,25,13,0.658,13.95,6.13,1530,958,2126,0.451,295,840,0.351,450,624,0.721,361,1307,501,290,162,442,665
,228,Oregon State,31,18,13,0.581,7.84,4.29,1250,800,1728,0.463,203,633,0.321,472,636,0.742,310,1091,465,185,164,384,536
,229,Pacific,32,14,18,0.438,-2.46,1.97,1290,710,1681,0.422,198,566,0.350,520,698,0.745,285,1039,325,199,46,423,630
,230,Penn State,32,14,18,0.438,12.55,11.51,1295,791,1898,0.417,222,693,0.320,425,613,0.693,382,1174,389,245,122,399,597
,231,Pennsylvania,31,19,12,0.613,2.04,-0.76,1265,821,1810,0.454,282,803,0.351,326,511,0.638,270,1101,465,210,76,395,500
,232,Pepperdine,34,16,18,0.471,0.90,0.63,1370,865,1949,0.444,313,819,0.382,529,696,0.760,290,1085,479,229,95,432,639
,233,Pittsburgh,33,14,19,0.424,7.88,6.69,1330,769,1841,0.418,225,680,0.331,543,779,0.697,383,1211,387,227,126,448,611
,234,Portland,32,7,25,0.219,-10.80,0.51,1290,707,1708,0.414,216,664,0.325,448,668,0.671,233,1032,369,175,123,425,588
,235,Portland State,32,16,16,0.500,-8.95,-5.78,1290,856,2017,0.424,238,769,0.309,525,748,0.702,491,1282,434,264,130,449,681
,236,Prairie View NCAA,35,22,13,0.629,-7.29,-9.17,1400,903,2061,0.438,225,703,0.320,596,875,0.681,392,1151,445,309,55,445,758
,237,Presbyterian,36,20,16,0.556,-3.56,-5.35,1445,966,2150,0.449,394,1034,0.381,491,674,0.728,324,1248,565,214,69,358,617
,238,Princeton,28,16,12,0.571,-3.43,-0.89,1135,685,1666,0.411,207,679,0.305,371,502,0.739,272,1016,295,168,72,354,459
,239,Providence,34,18,16,0.529,8.29,6.71,1385,835,1973,0.423,225,690,0.326,533,771,0.691,399,1241,491,253,136,445,600
,240,Purdue NCAA,36,26,10,0.722,21.40,11.99,1460,967,2145,0.451,365,977,0.374,461,641,0.719,421,1341,518,220,143,381,625
,241,Purdue-Fort Wayne,33,18,15,0.545,-3.47,-3.60,1330,991,2059,0.481,360,949,0.379,386,557,0.693,271,1140,525,247,158,395,495
,242,Quinnipiac,31,16,15,0.516,-6.78,-8.03,1270,739,1730,0.427,348,923,0.377,468,646,0.724,311,1111,393,159,62,415,524
,243,Radford,33,22,11,0.667,1.28,-1.95,1330,893,1938,0.461,285,751,0.379,369,515,0.717,335,1170,467,196,101,358,528
,244,Rhode Island,33,18,15,0.545,2.83,1.19,1335,821,1914,0.429,172,615,0.280,479,704,0.680,375,1194,401,235,129,405,582
,245,Rice,32,13,19,0.406,-6.56,-2.06,1305,795,1867,0.426,277,797,0.348,500,729,0.686,316,1221,425,171,104,438,568
,246,Richmond,33,13,20,0.394,-1.37,-0.79,1320,849,1800,0.472,251,723,0.347,365,552,0.661,196,957,519,249,101,336,488
,247,Rider,31,16,15,0.516,-4.96,-6.51,1245,847,1893,0.447,222,651,0.341,465,755,0.616,363,1144,450,282,101,415,591
,248,Robert Morris,35,18,17,0.514,-9.41,-7.62,1420,861,1991,0.432,280,789,0.355,446,638,0.699,373,1178,487,257,92,507,683
,249,Rutgers,31,14,17,0.452,8.89,9.76,1250,771,1842,0.419,191,612,0.312,372,584,0.637,391,1210,390,201,124,408,566
,250,Sacramento State,31,15,16,0.484,-8.78,-6.78,1250,806,1800,0.448,175,527,0.332,410,592,0.693,308,1050,431,239,104,404,566
,251,Sacred Heart,32,15,17,0.469,-7.88,-8.11,1285,885,1926,0.460,243,681,0.357,545,722,0.755,354,1231,471,170,133,465,572
,252,Saint Francis (PA),33,18,15,0.545,-8.74,-6.16,1320,885,2035,0.435,254,724,0.351,493,698,0.706,430,1246,413,221,94,402,598
,253,Saint Joseph's,33,14,19,0.424,-0.43,1.66,1325,793,1943,0.408,280,869,0.322,462,615,0.751,258,1145,397,186,110,305,497
,254,Saint Louis NCAA,36,23,13,0.639,5.06,2.23,1440,855,2052,0.417,205,675,0.304,484,809,0.598,492,1428,460,254,145,464,634
,255,Saint Mary's (CA) NCAA,34,22,12,0.647,12.58,4.40,1365,899,1905,0.472,253,670,0.378,412,555,0.742,329,1180,341,201,87,355,572
,256,Saint Peter's,32,10,22,0.313,-12.15,-6.40,1305,707,1639,0.431,184,567,0.325,414,570,0.726,293,1032,301,172,177,488,614
,257,Sam Houston State,33,21,12,0.636,-3.17,-5.84,1345,889,2011,0.442,308,840,0.367,390,518,0.753,369,1191,555,242,94,413,659
,258,Samford,33,17,16,0.515,0.69,-2.03,1355,921,1951,0.472,254,687,0.370,487,666,0.731,316,1225,461,238,127,463,560
,259,San Diego,36,21,15,0.583,6.12,3.61,1460,914,2002,0.457,284,808,0.351,479,641,0.747,290,1238,516,204,112,466,667
,260,San Diego State,34,21,13,0.618,5.29,2.47,1360,845,1940,0.436,261,721,0.362,486,679,0.716,346,1228,487,197,113,424,638
,261,San Francisco,31,21,10,0.677,8.56,1.13,1250,864,1851,0.467,258,727,0.355,372,568,0.655,340,1138,439,188,105,321,543
,262,San Jose State,31,4,27,0.129,-16.37,0.59,1250,713,1765,0.404,210,641,0.328,406,620,0.655,323,1130,423,131,52,484,539
,263,Santa Clara,31,16,15,0.516,-1.91,0.92,1255,735,1653,0.445,239,663,0.360,406,567,0.716,242,1026,416,146,111,433,597
,264,Savannah State,31,11,20,0.355,-20.51,-9.04,1245,825,2080,0.397,351,1199,0.293,359,531,0.676,383,1188,462,234,96,478,564
,265,Seattle,33,18,15,0.545,-1.47,-3.85,1330,852,1945,0.438,238,642,0.371,478,668,0.716,336,1221,386,141,118,403,657
,266,Seton Hall NCAA,34,20,14,0.588,10.25,8.34,1375,888,2021,0.439,240,741,0.324,492,697,0.706,361,1213,459,235,132,423,638
,267,Siena,33,17,16,0.515,-7.90,-6.47,1345,772,1779,0.434,288,849,0.339,299,440,0.680,248,973,415,190,93,321,462
,268,South Alabama,34,17,17,0.500,-4.46,-2.71,1375,867,1883,0.460,285,761,0.375,459,669,0.686,288,1094,471,201,141,456,649
,269,South Carolina,32,16,16,0.500,8.34,9.63,1285,806,1907,0.423,242,662,0.366,473,694,0.682,383,1160,413,202,140,433,623
,270,South Carolina State,34,8,26,0.235,-16.86,-8.30,1375,811,1891,0.429,193,582,0.332,573,772,0.742,376,1137,386,167,60,493,670
,271,South Carolina Upstate,32,6,26,0.188,-15.30,-4.27,1290,775,1872,0.414,269,817,0.329,350,492,0.711,305,1051,434,207,94,440,621
,272,South Dakota,30,13,17,0.433,-5.52,-3.06,1205,729,1664,0.438,227,666,0.341,433,585,0.740,219,942,382,165,68,324,527
,273,South Dakota State,33,24,9,0.727,5.92,-4.74,1320,984,1965,0.501,327,802,0.408,494,635,0.778,251,1259,489,202,65,388,557
,274,South Florida,38,24,14,0.632,5.96,1.69,1555,911,2120,0.430,272,819,0.332,658,1018,0.646,496,1483,521,306,124,604,790
,275,Southeast Missouri State,31,10,21,0.323,-11.32,-4.39,1265,796,1809,0.440,266,719,0.370,358,519,0.690,284,1081,402,182,75,447,615
,276,Southeastern Louisiana,33,17,16,0.515,-7.59,-6.30,1320,765,1735,0.441,235,696,0.338,459,640,0.717,346,1117,452,215,80,536,602
,277,Southern,32,7,25,0.219,-16.79,-7.37,1285,752,1710,0.440,180,544,0.331,393,588,0.668,313,980,372,216,86,511,716
,278,Southern California,33,16,17,0.485,8.23,4.96,1340,937,2039,0.460,281,735,0.382,363,563,0.645,324,1188,536,202,117,392,590
,279,Southern Illinois,32,17,15,0.531,1.39,-0.17,1280,802,1720,0.466,213,570,0.374,377,550,0.685,289,1081,438,212,129,447,474
,280,SIU Edwardsville,31,10,21,0.323,-14.47,-5.06,1280,794,1898,0.418,201,665,0.302,476,677,0.703,351,1079,382,198,70,438,612
,281,Southern Methodist,32,15,17,0.469,5.81,4.12,1280,833,1884,0.442,263,772,0.341,374,523,0.715,365,1135,441,189,123,350,515
,282,Southern Mississippi,33,20,13,0.606,2.58,-0.83,1330,899,1929,0.466,275,712,0.386,321,489,0.656,274,1178,553,253,110,345,507
,283,Southern Utah,34,17,17,0.500,-8.91,-6.22,1380,881,1997,0.441,272,799,0.340,539,757,0.712,282,1250,426,199,114,466,696
,284,St. Bonaventure,34,18,16,0.529,3.34,0.25,1385,821,1914,0.429,208,635,0.328,400,539,0.742,333,1183,417,199,164,421,553
,285,St. Francis (NY),33,17,16,0.515,-10.19,-8.45,1325,841,1989,0.423,270,806,0.335,393,580,0.678,346,1191,387,194,136,413,635
,286,St. John's (NY) NCAA,34,21,13,0.618,7.88,5.50,1375,944,2100,0.450,289,809,0.357,446,620,0.719,264,1120,472,302,111,357,650
,287,Stanford,31,15,16,0.484,6.03,5.13,1245,808,1783,0.453,207,653,0.317,432,643,0.672,322,1147,392,186,147,467,586
,288,Stephen F. Austin,30,14,16,0.467,-10.99,-5.92,1210,745,1696,0.439,201,588,0.342,414,607,0.682,313,1008,348,192,113,442,579
,289,Stetson,31,7,24,0.226,-15.01,-3.46,1245,794,1962,0.405,215,684,0.314,348,503,0.692,359,1110,418,210,94,394,536
,290,Stony Brook,33,24,9,0.727,-2.10,-6.48,1335,815,1937,0.421,233,715,0.326,501,695,0.721,410,1348,372,209,142,478,631
,291,Syracuse NCAA,34,20,14,0.588,13.73,10.09,1365,808,1907,0.424,274,824,0.333,480,701,0.685,363,1174,408,278,162,423,588
,292,TCU,37,23,14,0.622,13.81,9.60,1500,990,2168,0.457,281,813,0.346,469,688,0.682,395,1347,598,255,162,499,586
,293,Temple NCAA,33,23,10,0.697,8.17,4.93,1340,873,1998,0.437,247,748,0.330,472,649,0.727,316,1136,476,284,73,368,581
,294,Tennessee NCAA,37,31,6,0.838,21.55,10.16,1505,1106,2231,0.496,262,714,0.367,561,744,0.754,379,1391,660,221,199,412,654
,295,Tennessee State,30,9,21,0.300,-11.62,-3.15,1210,751,1739,0.432,240,716,0.335,440,628,0.701,317,1032,342,219,78,497,735
,296,Tennessee Tech,31,8,23,0.258,-14.76,-3.00,1250,742,1784,0.416,213,620,0.344,407,645,0.631,330,1122,389,226,134,517,554
,297,Tennessee-Martin,31,12,19,0.387,-10.94,-4.32,1250,854,1915,0.446,250,726,0.344,398,528,0.754,351,1062,441,223,88,418,490
,298,Texas,37,21,16,0.568,16.06,11.46,1495,929,2146,0.433,325,934,0.348,445,637,0.699,358,1264,486,227,152,401,627
,299,Texas A&M,32,14,18,0.438,7.21,8.59,1280,806,1842,0.438,204,663,0.308,437,631,0.693,372,1195,376,215,142,444,521
,300,Texas A&M-Corpus Christi,32,14,18,0.438,-9.11,-5.68,1290,774,1803,0.429,202,621,0.325,376,541,0.695,349,1158,423,197,90,456,610
,301,Texas Southern,38,24,14,0.632,-5.55,-6.99,1550,1083,2379,0.455,276,852,0.324,660,988,0.668,467,1503,591,309,114,589,679
,302,Texas State,34,24,10,0.706,1.54,-3.00,1370,876,1971,0.444,244,744,0.328,474,694,0.683,409,1291,493,234,84,455,667
,303,Texas Tech NCAA,38,31,7,0.816,22.79,9.53,1530,990,2110,0.469,277,759,0.365,508,694,0.732,315,1297,518,278,186,457,663
,304,Texas-Rio Grande Valley,37,20,17,0.541,-2.04,-1.61,1490,895,2139,0.418,203,636,0.319,641,923,0.694,358,1215,503,345,105,471,763
,305,The Citadel,30,12,18,0.400,-7.94,0.03,1210,899,2011,0.447,370,1076,0.344,385,523,0.736,322,1107,462,201,110,386,528
,306,Toledo,33,25,8,0.758,8.21,0.71,1330,901,1990,0.453,325,859,0.378,410,531,0.772,327,1281,538,170,152,402,517
,307,Towson,32,10,22,0.313,-8.44,-3.57,1310,810,1860,0.435,180,550,0.327,370,532,0.695,389,1184,319,154,94,390,561
,308,Troy,30,12,18,0.400,-6.12,-1.01,1210,773,1719,0.450,236,704,0.335,397,550,0.722,277,1021,392,171,135,408,523
,309,Tulane,31,4,27,0.129,-6.72,3.63,1240,733,1783,0.411,213,670,0.318,403,585,0.689,298,1131,444,147,109,467,535
,310,Tulsa,32,18,14,0.563,4.65,3.86,1290,776,1732,0.448,222,652,0.340,522,751,0.695,239,1119,430,176,76,404,529
,311,UAB,35,20,15,0.571,0.36,-1.52,1410,906,2003,0.452,234,694,0.337,424,630,0.673,367,1279,401,218,82,399,578
,312,UC Davis,31,11,20,0.355,-6.26,-1.50,1260,735,1673,0.439,203,619,0.328,365,515,0.709,218,929,375,196,71,412,596
,313,UC Irvine NCAA,37,31,6,0.838,5.70,-2.30,1500,987,2159,0.457,252,701,0.359,449,640,0.702,429,1471,479,210,153,441,673
,314,UC Riverside,33,10,23,0.303,-11.12,-3.19,1325,792,1787,0.443,279,743,0.376,290,424,0.684,286,1051,425,164,60,425,562
,315,UC Santa Barbara,32,22,10,0.688,-1.62,-5.55,1290,825,1819,0.454,204,594,0.343,496,693,0.716,379,1204,431,159,106,355,558
,316,UCLA,33,17,16,0.515,7.17,6.78,1335,919,2012,0.457,256,721,0.355,486,768,0.633,380,1361,472,194,136,467,563
,317,UNC Asheville,31,4,27,0.129,-19.81,-2.35,1245,655,1627,0.403,223,687,0.325,324,437,0.741,298,931,331,196,86,456,533
,318,UNC Greensboro,36,29,7,0.806,4.08,-0.90,1445,997,2184,0.457,280,818,0.342,464,666,0.697,399,1251,453,315,140,423,631
,319,UNC Wilmington,33,10,23,0.303,-8.10,-2.04,1335,880,1986,0.443,260,744,0.349,493,673,0.733,387,1221,495,150,68,436,585
,320,UT Arlington,33,17,16,0.515,-0.50,0.84,1345,781,1908,0.409,234,773,0.303,488,659,0.741,372,1235,421,211,97,467,630
,321,Utah,31,17,14,0.548,6.13,5.10,1245,805,1735,0.464,298,806,0.370,435,616,0.706,317,1096,440,144,80,409,548
,322,Utah State NCAA,35,28,7,0.800,11.98,0.89,1410,959,2038,0.471,274,772,0.355,559,747,0.748,377,1405,598,215,147,449,649
,323,Utah Valley,35,25,10,0.714,3.00,-2.30,1400,930,1929,0.482,283,740,0.382,554,764,0.725,318,1271,484,201,89,487,612
,324,UTEP,29,8,21,0.276,-8.23,-1.71,1170,639,1592,0.401,199,620,0.321,382,578,0.661,285,1070,307,135,84,466,551
,325,UTSA,32,17,15,0.531,0.69,0.05,1295,896,2068,0.433,294,855,0.344,395,536,0.737,323,1216,420,213,82,402,581
,326,Valparaiso,33,15,18,0.455,-3.38,-1.00,1335,802,1783,0.450,185,585,0.316,416,595,0.699,294,1115,431,202,101,439,546
,327,Vanderbilt,32,9,23,0.281,3.57,7.79,1285,736,1750,0.421,230,739,0.311,478,710,0.673,325,1139,371,154,126,454,568
,328,Vermont NCAA,34,27,7,0.794,4.88,-4.18,1370,864,1887,0.458,273,761,0.359,507,678,0.748,304,1194,399,188,136,377,568
,329,Villanova NCAA,36,26,10,0.722,14.33,7.97,1455,884,2019,0.438,380,1081,0.352,506,695,0.728,368,1253,503,194,106,388,580
,330,Virginia NCAA,38,35,3,0.921,25.46,10.15,1535,974,2056,0.474,321,813,0.395,445,598,0.744,342,1326,544,211,149,342,542
,331,Virginia Commonwealth NCAA,33,25,8,0.758,11.96,2.87,1330,820,1872,0.438,235,771,0.305,469,669,0.701,358,1208,450,263,148,458,650
,332,VMI,32,11,21,0.344,-10.50,0.09,1290,843,1974,0.427,323,899,0.359,424,581,0.730,280,1110,442,217,61,390,541
,333,Virginia Tech NCAA,35,26,9,0.743,19.28,7.79,1410,893,1900,0.470,327,831,0.394,461,606,0.761,310,1142,531,236,78,392,532
,334,Wagner,30,13,17,0.433,-12.99,-7.63,1205,655,1696,0.386,236,773,0.305,428,575,0.744,378,1095,351,184,108,414,639
,335,Wake Forest,31,11,20,0.355,1.21,8.47,1250,714,1812,0.394,197,640,0.308,494,681,0.725,399,1174,329,150,77,417,555
,336,Washington NCAA,36,27,9,0.750,12.01,7.01,1445,883,1956,0.451,273,780,0.350,472,679,0.695,334,1129,419,323,206,479,653
,337,Washington State,32,11,21,0.344,-1.67,2.20,1280,833,1861,0.448,301,828,0.364,426,564,0.755,276,1076,478,169,89,440,554
,338,Weber State,33,18,15,0.545,-4.37,-6.12,1330,920,1934,0.476,249,684,0.364,528,708,0.746,220,1177,383,179,140,382,609
,339,West Virginia,36,15,21,0.417,6.94,10.57,1460,901,2181,0.413,269,852,0.316,584,849,0.688,519,1425,488,223,126,557,707
,340,Western Carolina,32,7,25,0.219,-9.28,0.34,1295,792,1744,0.454,296,800,0.370,424,628,0.675,303,1135,389,135,53,577,671
,341,Western Illinois,31,10,21,0.323,-10.04,-5.18,1245,818,1860,0.440,241,626,0.385,321,440,0.730,254,1100,319,165,132,353,487
,342,Western Kentucky,34,20,14,0.588,3.14,0.96,1380,853,1910,0.447,199,608,0.327,524,724,0.724,338,1256,417,235,174,466,528
,343,Western Michigan,32,8,24,0.250,-6.26,1.48,1300,774,1822,0.425,228,723,0.315,470,680,0.691,345,1197,374,147,78,490,564
,344,Wichita State,37,22,15,0.595,7.72,5.91,1485,929,2277,0.408,276,890,0.310,475,655,0.725,452,1417,499,174,135,446,705
,345,William & Mary,31,14,17,0.452,-4.78,-2.08,1265,841,1773,0.474,254,735,0.346,385,576,0.668,251,1057,529,158,146,390,516
,346,Winthrop,30,18,12,0.600,-2.89,-3.74,1210,855,1878,0.455,372,997,0.373,417,565,0.738,330,1232,460,134,83,456,535
,347,Wisconsin NCAA,34,23,11,0.676,17.90,11.01,1385,874,1945,0.449,241,672,0.359,344,531,0.648,283,1197,430,177,140,327,511
,348,Wofford NCAA,35,30,5,0.857,13.92,0.80,1410,1044,2132,0.490,385,929,0.414,406,577,0.704,365,1232,528,233,105,377,589
,349,Wright State,35,21,14,0.600,3.29,-0.89,1405,885,2028,0.436,281,818,0.344,510,692,0.737,382,1229,484,214,72,402,545
,350,Wyoming,32,8,24,0.250,-9.75,0.19,1285,690,1656,0.417,248,720,0.344,477,660,0.723,167,983,331,176,88,450,588
,351,Xavier,35,19,16,0.543,9.61,8.06,1420,922,1977,0.466,245,740,0.331,437,644,0.679,371,1281,519,190,128,450,550
,352,Yale NCAA,30,22,8,0.733,5.52,-1.24,1215,893,1812,0.493,230,634,0.363,411,557,0.738,259,1157,503,177,131,392,510
,353,Youngstown State,32,12,20,0.375,-7.78,-2.05,1305,879,2057,0.427,303,891,0.340,354,505,0.701,418,1207,449,210,115,423,656